Image,target,,,Image,,Image.
508.jpg,kathak,,,6,jpg,6.jpg
246.jpg,kuchipudi,,,9,jpg,9.jpg
473.jpg,kathak,,,11,jpg,11.jpg
485.jpg,kathakali,,,13,jpg,13.jpg
128.jpg,kuchipudi,,,14,jpg,14.jpg
410.jpg,kathakali,,,17,jpg,17.jpg
465.jpg,mohiniyattam,,,20,jpg,20.jpg
196.jpg,sattriya,,,23,jpg,23.jpg
340.jpg,bharatanatyam,,,28,jpg,28.jpg
467.jpg,mohiniyattam,,,33,jpg,33.jpg
306.jpg,kathakali,,,34,jpg,34.jpg
171.jpg,kathakali,,,35,jpg,35.jpg
323.jpg,mohiniyattam,,,38,jpg,38.jpg
332.jpg,sattriya,,,40,jpg,40.jpg
330.jpg,kuchipudi,,,41,jpg,41.jpg
170.jpg,mohiniyattam,,,45,jpg,45.jpg
479.jpg,mohiniyattam,,,48,jpg,48.jpg
9.jpg,bharatanatyam,,,55,jpg,55.jpg
283.jpg,bharatanatyam,,,57,jpg,57.jpg
114.jpg,odissi,,,59,jpg,59.jpg
507.jpg,odissi,,,61,jpg,61.jpg
183.jpg,kathakali,,,64,jpg,64.jpg
200.jpg,kathak,,,67,jpg,67.jpg
457.jpg,odissi,,,71,jpg,71.jpg
264.jpg,sattriya,,,80,jpg,80.jpg
194.jpg,odissi,,,86,jpg,86.jpg
518.jpg,bharatanatyam,,,92,jpg,92.jpg
175.jpg,sattriya,,,95,jpg,95.jpg
64.jpg,mohiniyattam,,,97,jpg,97.jpg
152.jpg,sattriya,,,108,jpg,108.jpg
270.jpg,kathakali,,,110,jpg,110.jpg
125.jpg,odissi,,,112,jpg,112.jpg
38.jpg,mohiniyattam,,,114,jpg,114.jpg
440.jpg,sattriya,,,119,jpg,119.jpg
302.jpg,kathak,,,125,jpg,125.jpg
394.jpg,sattriya,,,128,jpg,128.jpg
448.jpg,kathak,,,129,jpg,129.jpg
463.jpg,kathakali,,,132,jpg,132.jpg
20.jpg,manipuri,,,138,jpg,138.jpg
301.jpg,sattriya,,,145,jpg,145.jpg
28.jpg,kathakali,,,146,jpg,146.jpg
61.jpg,mohiniyattam,,,147,jpg,147.jpg
398.jpg,bharatanatyam,,,150,jpg,150.jpg
349.jpg,kathak,,,152,jpg,152.jpg
271.jpg,odissi,,,157,jpg,157.jpg
286.jpg,mohiniyattam,,,162,jpg,162.jpg
431.jpg,kathak,,,170,jpg,170.jpg
316.jpg,kathak,,,171,jpg,171.jpg
224.jpg,odissi,,,173,jpg,173.jpg
411.jpg,odissi,,,175,jpg,175.jpg
278.jpg,mohiniyattam,,,183,jpg,183.jpg
456.jpg,kathak,,,189,jpg,189.jpg
45.jpg,sattriya,,,193,jpg,193.jpg
324.jpg,kathakali,,,194,jpg,194.jpg
6.jpg,odissi,,,196,jpg,196.jpg
59.jpg,kathak,,,198,jpg,198.jpg
86.jpg,odissi,,,200,jpg,200.jpg
470.jpg,odissi,,,202,jpg,202.jpg
374.jpg,bharatanatyam,,,206,jpg,206.jpg
132.jpg,mohiniyattam,,,210,jpg,210.jpg
216.jpg,bharatanatyam,,,215,jpg,215.jpg
95.jpg,kathak,,,216,jpg,216.jpg
17.jpg,kuchipudi,,,217,jpg,217.jpg
162.jpg,mohiniyattam,,,220,jpg,220.jpg
346.jpg,mohiniyattam,,,224,jpg,224.jpg
439.jpg,bharatanatyam,,,226,jpg,226.jpg
232.jpg,kuchipudi,,,232,jpg,232.jpg
150.jpg,odissi,,,238,jpg,238.jpg
401.jpg,bharatanatyam,,,239,jpg,239.jpg
145.jpg,odissi,,,246,jpg,246.jpg
23.jpg,sattriya,,,256,jpg,256.jpg
514.jpg,odissi,,,264,jpg,264.jpg
193.jpg,kuchipudi,,,269,jpg,269.jpg
416.jpg,kathak,,,270,jpg,270.jpg
447.jpg,kathakali,,,271,jpg,271.jpg
220.jpg,kathak,,,275,jpg,275.jpg
505.jpg,mohiniyattam,,,278,jpg,278.jpg
147.jpg,bharatanatyam,,,280,jpg,280.jpg
210.jpg,kathakali,,,283,jpg,283.jpg
40.jpg,odissi,,,284,jpg,284.jpg
284.jpg,sattriya,,,285,jpg,285.jpg
55.jpg,kathak,,,286,jpg,286.jpg
378.jpg,odissi,,,290,jpg,290.jpg
520.jpg,kuchipudi,,,291,jpg,291.jpg
484.jpg,manipuri,,,292,jpg,292.jpg
112.jpg,kathak,,,301,jpg,301.jpg
360.jpg,mohiniyattam,,,302,jpg,302.jpg
317.jpg,mohiniyattam,,,306,jpg,306.jpg
71.jpg,kathakali,,,316,jpg,316.jpg
202.jpg,sattriya,,,317,jpg,317.jpg
92.jpg,bharatanatyam,,,318,jpg,318.jpg
11.jpg,manipuri,,,323,jpg,323.jpg
67.jpg,kuchipudi,,,324,jpg,324.jpg
138.jpg,kathakali,,,330,jpg,330.jpg
506.jpg,kathakali,,,332,jpg,332.jpg
146.jpg,odissi,,,340,jpg,340.jpg
318.jpg,bharatanatyam,,,346,jpg,346.jpg
198.jpg,manipuri,,,349,jpg,349.jpg
375.jpg,kuchipudi,,,354,jpg,354.jpg
41.jpg,bharatanatyam,,,358,jpg,358.jpg
421.jpg,mohiniyattam,,,360,jpg,360.jpg
129.jpg,manipuri,,,363,jpg,363.jpg
14.jpg,bharatanatyam,,,366,jpg,366.jpg
460.jpg,odissi,,,373,jpg,373.jpg
34.jpg,bharatanatyam,,,374,jpg,374.jpg
380.jpg,kuchipudi,,,375,jpg,375.jpg
238.jpg,mohiniyattam,,,378,jpg,378.jpg
392.jpg,bharatanatyam,,,380,jpg,380.jpg
80.jpg,kathakali,,,385,jpg,385.jpg
517.jpg,kathak,,,386,jpg,386.jpg
13.jpg,kathak,,,390,jpg,390.jpg
189.jpg,kathak,,,392,jpg,392.jpg
390.jpg,bharatanatyam,,,394,jpg,394.jpg
487.jpg,odissi,,,398,jpg,398.jpg
438.jpg,kuchipudi,,,401,jpg,401.jpg
482.jpg,kathakali,,,410,jpg,410.jpg
206.jpg,sattriya,,,411,jpg,411.jpg
217.jpg,bharatanatyam,,,414,jpg,414.jpg
285.jpg,mohiniyattam,,,416,jpg,416.jpg
385.jpg,sattriya,,,421,jpg,421.jpg
495.jpg,kathak,,,424,jpg,424.jpg
269.jpg,odissi,,,429,jpg,429.jpg
429.jpg,kuchipudi,,,431,jpg,431.jpg
291.jpg,manipuri,,,437,jpg,437.jpg
461.jpg,sattriya,,,438,jpg,438.jpg
256.jpg,kuchipudi,,,439,jpg,439.jpg
48.jpg,kathakali,,,440,jpg,440.jpg
290.jpg,kathak,,,441,jpg,441.jpg
437.jpg,sattriya,,,447,jpg,447.jpg
498.jpg,kathak,,,448,jpg,448.jpg
173.jpg,sattriya,,,456,jpg,456.jpg
280.jpg,odissi,,,457,jpg,457.jpg
119.jpg,odissi,,,458,jpg,458.jpg
363.jpg,kathakali,,,460,jpg,460.jpg
97.jpg,kuchipudi,,,461,jpg,461.jpg
414.jpg,bharatanatyam,,,463,jpg,463.jpg
386.jpg,bharatanatyam,,,465,jpg,465.jpg
424.jpg,bharatanatyam,,,467,jpg,467.jpg
157.jpg,kathak,,,470,jpg,470.jpg
33.jpg,odissi,,,473,jpg,473.jpg
354.jpg,kathak,,,479,jpg,479.jpg
57.jpg,kuchipudi,,,482,jpg,482.jpg
108.jpg,manipuri,,,484,jpg,484.jpg
239.jpg,kathak,,,485,jpg,485.jpg
441.jpg,kuchipudi,,,487,jpg,487.jpg
215.jpg,kathak,,,495,jpg,495.jpg
373.jpg,odissi,,,498,jpg,498.jpg
292.jpg,odissi,,,505,jpg,505.jpg
110.jpg,bharatanatyam,,,506,jpg,506.jpg
510.jpg,odissi,,,507,jpg,507.jpg
275.jpg,odissi,,,508,jpg,508.jpg
366.jpg,odissi,,,510,jpg,510.jpg
226.jpg,mohiniyattam,,,514,jpg,514.jpg
35.jpg,odissi,,,517,jpg,517.jpg
458.jpg,kuchipudi,,,518,jpg,518.jpg
358.jpg,bharatanatyam,,,520,jpg,520.jpg
,,,,,,.
,,,,,,.
,,,,,,.
,,,,,,.
,,,,,,.
,,,,,,.
,,,,,,.
,,,,,,.
,,,,,,.
,,,,,,.
,,,,,,.
,,,,,,.
,,,,,,.
,,,,,,.
,,,,,,.
,,,,,,.
,,,,,,.
,,,,,,.
,,,,,,.
,,,,,,.
,,,,,,.
,,,,,,.
,,,,,,.
,,,,,,.
,,,,,,.
,,,,,,.
,,,,,,.
,,,,,,.
,,,,,,.
,,,,,,.
,,,,,,.
,,,,,,.
,,,,,,.
,,,,,,.
,,,,,,.
,,,,,,.
,,,,,,.
,,,,,,.
,,,,,,.
,,,,,,.
,,,,,,.
,,,,,,.
,,,,,,.
,,,,,,.
,,,,,,.
,,,,,,.
,,,,,,.
,,,,,,.
,,,,,,.
,,,,,,.
,,,,,,.
,,,,,,.
,,,,,,.
,,,,,,.
,,,,,,.
,,,,,,.
,,,,,,.
,,,,,,.
,,,,,,.
,,,,,,.
,,,,,,.
,,,,,,.
,,,,,,.
,,,,,,.
,,,,,,.
,,,,,,.
,,,,,,.
,,,,,,.
,,,,,,.
,,,,,,.
,,,,,,.
,,,,,,.
,,,,,,.
,,,,,,.
,,,,,,.
,,,,,,.
,,,,,,.
,,,,,,.
,,,,,,.
,,,,,,.
,,,,,,.
,,,,,,.
,,,,,,.
,,,,,,.
,,,,,,.
,,,,,,.
,,,,,,.
